scenario,seq_len,ground_truth,answer,lpips,seq_lpips
scene_8_003508,7,False,yes,0.050641,0.078057
scene_18_008839,8,True,no,0.190523,0.163707
scene_13_006089,7,True,yes,0.066962,0.127718
scene_5_002377,6,False,yes,0.100395,0.102512
scene_15_007173,7,False,yes,0.111420,0.129384
scene_10_004945,7,False,yes,0.150851,0.170975
scene_17_008496,8,True,no,0.200736,0.161225
scene_5_002237,6,True,yes,0.087245,0.075581
scene_2_000883,8,True,yes,0.069206,0.126116
scene_16_007935,6,False,no,0.037184,0.100094
scene_10_004522,8,False,yes,0.091043,0.168734
scene_8_003591,8,False,yes,0.063309,0.085977
scene_10_004635,7,False,yes,0.113828,0.132292
scene_8_003604,8,True,yes,0.051367,0.084866
scene_16_007864,6,False,no,0.089545,0.132348
scene_2_000775,5,False,yes,0.128690,0.105987
scene_7_003036,5,True,yes,0.120490,0.149981
scene_8_003734,8,False,yes,0.031883,0.132746
scene_15_007132,8,True,yes,0.082098,0.128735
scene_6_002571,8,True,yes,0.037259,0.078167
scene_2_000578,7,True,yes,0.093930,0.095478
scene_19_009030,8,True,yes,0.042237,0.115024
scene_3_001340,8,False,yes,0.070468,0.100716
scene_11_005060,5,False,yes,0.056052,0.105833
scene_17_008201,8,False,yes,0.180826,0.146975
scene_5_002227,5,False,yes,0.039466,0.072843
scene_10_004965,7,False,no,0.087637,0.139365
scene_8_003662,8,False,yes,0.067542,0.068895
scene_5_002388,7,True,no,0.090646,0.117688
scene_9_004045,5,True,yes,0.074561,0.119169
scene_2_000915,7,False,yes,0.038382,0.092893
scene_10_004581,7,False,yes,0.104616,0.120463
scene_13_006386,8,True,yes,0.138976,0.136888
scene_14_006882,8,False,yes,0.100591,0.134113
scene_3_001496,7,False,yes,0.062498,0.089470
scene_2_000638,7,False,yes,0.129076,0.128296
scene_12_005687,8,False,no,0.065550,0.177168
scene_19_009346,6,True,yes,0.155464,0.159228
scene_15_007469,8,False,no,0.144822,0.149546
scene_7_003183,8,True,yes,0.136327,0.148548
scene_12_005535,7,True,yes,0.118017,0.134658
scene_11_005236,6,True,yes,0.158212,0.112848
scene_10_004721,8,False,yes,0.151189,0.180014
scene_13_006373,7,True,yes,0.116449,0.113986
scene_16_007822,7,True,yes,0.055600,0.120943
scene_2_000721,7,True,yes,0.127443,0.154668
scene_18_008805,8,False,yes,0.040559,0.176367
scene_19_009134,8,True,yes,0.183334,0.175198
scene_12_005924,8,False,no,0.042429,0.147602
scene_11_005459,7,False,yes,0.104520,0.137004
scene_12_005618,8,True,yes,0.082187,0.134422
scene_8_003878,8,False,yes,0.039581,0.072068
scene_5_002458,5,True,no,0.064872,0.097064
scene_15_007030,7,True,yes,0.083379,0.138779
scene_18_008874,8,False,no,0.094484,0.172662
scene_11_005240,6,True,yes,0.091958,0.109777
scene_11_005246,8,True,yes,0.059457,0.121330
scene_10_004685,8,True,yes,0.099277,0.197902
scene_6_002556,7,True,yes,0.036471,0.077687
scene_18_008672,7,False,yes,0.095732,0.156473
scene_15_007059,6,True,no,0.071625,0.122565
scene_3_001195,8,True,yes,0.047652,0.074411
scene_16_007944,8,True,yes,0.034695,0.083046
scene_9_004202,4,False,yes,0.071775,0.050031
scene_11_005124,7,True,yes,0.120324,0.079674
scene_13_006304,8,True,yes,0.085000,0.135586
scene_16_007663,8,False,yes,0.097653,0.114006
scene_12_005945,7,True,yes,0.170665,0.147639
scene_12_005637,8,False,yes,0.094722,0.129279
scene_18_008806,8,True,yes,0.043260,0.156172
scene_4_001759,8,True,yes,0.167629,0.206321
scene_5_002085,6,False,yes,0.094473,0.084500
scene_13_006299,8,False,yes,0.114444,0.146698
scene_12_005756,5,False,yes,0.150917,0.131935
scene_6_002879,8,False,yes,0.068959,0.107761
scene_7_003053,8,True,yes,0.073032,0.118403
scene_11_005038,7,True,no,0.114128,0.142060
scene_10_004812,8,False,no,0.158231,0.157642
scene_14_006574,8,False,yes,0.095970,0.113337
scene_9_004318,6,True,yes,0.073134,0.110207
scene_15_007395,8,True,yes,0.111518,0.122763
scene_7_003301,8,True,no,0.104054,0.180639
scene_17_008276,8,False,no,0.184253,0.185507
scene_7_003461,8,True,yes,0.090556,0.157292
scene_18_008854,7,False,yes,0.082516,0.173426
scene_15_007072,7,False,yes,0.036590,0.131000
scene_5_002450,7,True,no,0.085034,0.087607
scene_7_003434,8,True,yes,0.082728,0.116543
scene_14_006825,7,False,no,0.069291,0.108302
scene_17_008386,7,True,yes,0.206709,0.187457
scene_17_008071,8,False,no,0.072322,0.143693
scene_17_008016,8,False,no,0.045206,0.134585
scene_9_004113,5,False,yes,0.033706,0.063600
scene_1_000243,5,False,no,0.181332,0.180469
scene_11_005329,6,True,yes,0.053776,0.066422
scene_10_004536,8,True,yes,0.117889,0.132437
scene_12_005785,7,False,yes,0.174735,0.152913
scene_10_004813,7,False,yes,0.052939,0.147000
scene_19_009058,8,False,yes,0.086629,0.138623
scene_13_006292,7,True,yes,0.066354,0.103251
scene_14_006966,8,True,yes,0.065050,0.108716
scene_12_005894,8,False,yes,0.045809,0.095762
scene_18_008538,8,True,yes,0.109284,0.150530
scene_10_004983,7,False,yes,0.101070,0.186166
scene_16_007859,6,False,no,0.090744,0.122189
scene_16_007559,8,False,yes,0.032703,0.132005
scene_6_002880,5,True,yes,0.073197,0.067172
scene_18_008675,7,False,yes,0.092062,0.148435
scene_5_002220,7,True,yes,0.052020,0.084340
scene_18_008883,8,False,yes,0.088300,0.185381
scene_2_000695,6,True,yes,0.148192,0.143021
scene_11_005495,6,False,yes,0.082406,0.092940
scene_14_006903,8,False,no,0.101723,0.123956
scene_3_001317,7,False,yes,0.046781,0.126732
scene_12_005881,7,False,no,0.197081,0.158704
scene_12_005585,7,True,yes,0.143212,0.140785
scene_17_008226,8,False,yes,0.095806,0.150761
scene_14_006729,7,True,no,0.064584,0.094905
scene_2_000918,7,True,yes,0.060799,0.094037
scene_17_008468,8,True,no,0.063637,0.174631
scene_7_003015,8,True,yes,0.081592,0.158775
scene_8_003681,8,True,yes,0.031592,0.088015
scene_6_002957,7,True,yes,0.066823,0.093820
scene_5_002170,5,False,yes,0.072067,0.060668
scene_16_007695,6,True,yes,0.086061,0.094959
scene_16_007992,7,False,yes,0.028069,0.084990
scene_19_009310,7,True,yes,0.067091,0.128691
scene_19_009300,8,True,yes,0.113421,0.190043
scene_10_004998,8,True,yes,0.124001,0.154281
scene_2_000840,6,False,yes,0.018942,0.090920
scene_10_004874,8,False,yes,0.170020,0.180773
scene_8_003754,6,False,yes,0.086777,0.101051
scene_19_009113,8,True,yes,0.098522,0.103469
scene_11_005218,6,False,yes,0.085397,0.090822
scene_11_005445,8,True,yes,0.121533,0.139534
scene_10_004547,6,False,no,0.116910,0.121365
scene_2_000677,5,True,yes,0.069664,0.144239
scene_10_004899,7,True,no,0.066982,0.112856
scene_6_002839,6,True,yes,0.081341,0.085364
scene_16_007623,7,True,yes,0.080522,0.136506
scene_6_002907,8,True,yes,0.060169,0.089876
scene_10_004838,8,True,yes,0.092847,0.149658
scene_16_007916,8,True,no,0.091332,0.122193
scene_9_004128,5,True,yes,0.022739,0.060288
scene_14_006687,8,True,yes,0.122907,0.132684
scene_1_000258,8,False,yes,0.203684,0.135303
scene_1_000470,6,True,yes,0.061043,0.146492
scene_11_005076,6,True,yes,0.056212,0.074191
scene_8_003964,7,False,yes,0.076479,0.092493
scene_1_000389,8,False,yes,0.045553,0.143726
scene_6_002790,8,False,yes,0.072693,0.150907
scene_18_008524,8,False,yes,0.095920,0.149202
scene_17_008134,8,True,no,0.067194,0.109229
scene_15_007393,8,True,yes,0.034234,0.124794
scene_3_001083,7,True,no,0.055831,0.071999
scene_6_002564,6,True,yes,0.075374,0.063482
scene_18_008954,7,False,yes,0.041129,0.153604
scene_19_009499,7,True,yes,0.094366,0.169908
scene_11_005389,8,True,yes,0.024062,0.100324
scene_7_003398,6,False,no,0.114470,0.137070
scene_15_007271,8,False,yes,0.065646,0.133370
scene_15_007229,6,False,yes,0.142371,0.134384
scene_12_005614,8,False,yes,0.093871,0.174491
scene_8_003933,8,True,yes,0.094965,0.090975
scene_15_007245,7,True,yes,0.135392,0.159903
scene_8_003629,6,False,yes,0.075183,0.100738
scene_18_008950,5,False,yes,0.019946,0.123554
scene_5_002030,5,False,yes,0.063476,0.058794
scene_2_000752,5,True,yes,0.071690,0.110166
scene_8_003805,5,False,yes,0.023868,0.087405
scene_8_003825,8,False,yes,0.097482,0.122702
scene_11_005211,7,True,yes,0.094800,0.098399
scene_6_002846,5,True,yes,0.029737,0.077344
scene_9_004217,7,True,yes,0.049902,0.091774
scene_11_005331,6,False,yes,0.039416,0.066019
scene_11_005126,5,True,yes,0.083689,0.106742
scene_9_004284,6,False,yes,0.055050,0.097371
scene_19_009189,8,False,yes,0.168574,0.163667
scene_11_005380,8,False,yes,0.044306,0.095916
scene_19_009148,6,True,yes,0.149940,0.130071
scene_14_006982,7,True,no,0.099009,0.130111
scene_19_009087,8,False,yes,0.040585,0.152381
scene_2_000847,4,True,yes,0.062417,0.098078
scene_19_009145,8,True,yes,0.199716,0.191914
scene_5_002379,8,True,yes,0.038444,0.084138
scene_14_006744,8,True,yes,0.084306,0.105946
scene_8_003747,8,False,yes,0.107814,0.108670
scene_6_002567,7,True,yes,0.085518,0.073006
scene_15_007005,8,True,yes,0.150985,0.163657
scene_6_002530,8,False,yes,0.050652,0.085260
scene_14_006833,7,False,yes,0.128157,0.169612
scene_6_002950,7,True,yes,0.094703,0.116003
scene_12_005631,5,False,yes,0.070109,0.138633
scene_14_006827,8,True,yes,0.095503,0.148490
scene_2_000986,8,False,yes,0.060216,0.143068
scene_10_004911,7,False,yes,0.075079,0.106110
scene_16_007602,7,True,yes,0.072759,0.120106
scene_5_002487,7,True,yes,0.061192,0.123650
scene_6_002527,8,False,yes,0.072232,0.104635
scene_5_002151,7,False,yes,0.116092,0.113040
scene_14_006503,8,False,yes,0.052239,0.124509
scene_18_008841,7,False,yes,0.071208,0.166979
scene_6_002529,7,True,yes,0.063490,0.088392
scene_11_005070,6,True,yes,0.084569,0.100557
scene_17_008167,8,False,yes,0.031267,0.140805
scene_12_005522,7,True,yes,0.133918,0.159526
scene_12_005705,7,False,yes,0.065954,0.164039
scene_10_004598,8,False,yes,0.132506,0.130128
scene_5_002217,6,True,yes,0.022479,0.074986
scene_17_008328,8,False,no,0.081922,0.168971
scene_1_000103,7,False,yes,0.043075,0.116271
scene_12_005530,8,True,yes,0.091741,0.124478
scene_5_002224,6,False,yes,0.058269,0.063208
scene_10_004970,8,False,yes,0.074659,0.139279
scene_8_003981,5,True,yes,0.028488,0.076318
scene_8_003874,8,True,yes,0.036155,0.066714
scene_6_002654,7,False,yes,0.083121,0.117531
scene_10_004959,7,True,yes,0.131442,0.152046
scene_13_006100,5,False,no,0.138727,0.111354
scene_16_007735,7,False,yes,0.082508,0.126595
scene_5_002031,5,True,no,0.045294,0.070574
scene_10_004719,8,False,yes,0.078500,0.133249
scene_3_001292,7,True,no,0.050131,0.076034
scene_11_005289,7,True,yes,0.062465,0.084719
scene_4_001602,8,False,yes,0.132758,0.160625
scene_1_000436,7,False,yes,0.100820,0.165356
scene_18_008701,7,False,yes,0.187104,0.139478
scene_5_002435,6,False,yes,0.049356,0.064948
scene_2_000828,5,True,yes,0.098427,0.100214
scene_5_002427,6,True,yes,0.043827,0.071248
scene_12_005598,8,False,yes,0.145352,0.162548
scene_9_004417,4,False,yes,0.093476,0.066258
scene_16_007997,8,False,yes,0.065716,0.077970
scene_11_005118,6,False,no,0.111829,0.110324
scene_18_008515,8,True,yes,0.159017,0.140252
scene_5_002157,7,False,yes,0.137591,0.137785
scene_18_008959,6,True,yes,0.215527,0.154045
scene_16_007736,7,False,no,0.109907,0.125605
scene_3_001302,6,True,yes,0.068428,0.098154
scene_12_005737,7,False,yes,0.065226,0.139802
scene_13_006276,8,False,yes,0.151726,0.154154
scene_18_008793,8,True,yes,0.076870,0.146539
scene_16_007968,8,False,no,0.049046,0.076965
scene_10_004781,8,False,yes,0.150728,0.174240
scene_12_005578,8,False,yes,0.169789,0.157234
scene_12_005691,7,True,yes,0.071681,0.158708
scene_3_001066,6,False,yes,0.073139,0.100585
scene_11_005435,8,False,yes,0.105619,0.139136
scene_13_006403,7,True,yes,0.050882,0.113892
scene_18_008844,8,False,yes,0.070154,0.150094
scene_6_002562,6,False,yes,0.069773,0.100693
scene_11_005055,7,True,yes,0.109964,0.124037
scene_12_005745,8,True,yes,0.042504,0.134666
scene_17_008370,8,True,no,0.103753,0.139713
scene_18_008626,7,True,yes,0.047215,0.140041
scene_5_002073,5,True,yes,0.069074,0.057703
scene_5_002116,7,True,yes,0.066581,0.093321
scene_18_008987,8,True,yes,0.227438,0.181922
scene_11_005083,5,True,no,0.047823,0.074025
scene_10_004792,6,False,yes,0.171481,0.196002
scene_19_009479,6,True,yes,0.128373,0.146476
scene_11_005088,7,True,no,0.101457,0.110345
scene_15_007176,8,True,yes,0.158375,0.141278
scene_10_004544,7,True,no,0.045488,0.112232
scene_5_002289,7,True,yes,0.088294,0.059244
scene_18_008622,5,True,yes,0.174409,0.132252
scene_11_005379,5,True,yes,0.124783,0.100726
scene_13_006320,8,True,no,0.083865,0.114651
scene_12_005844,7,True,yes,0.034085,0.124385
scene_10_004808,6,True,yes,0.128882,0.158185
scene_20_009732,8,False,no,0.057116,0.073788
scene_6_002928,7,True,yes,0.126641,0.105034
scene_7_003408,8,False,yes,0.098710,0.107046
scene_10_004875,8,False,yes,0.149691,0.173020
scene_19_009168,7,False,yes,0.155048,0.140917
scene_18_008624,8,True,yes,0.044031,0.140925
scene_15_007462,6,True,no,0.161889,0.180232
scene_12_005918,8,False,no,0.166840,0.143844
scene_8_003954,8,False,no,0.117081,0.101107
scene_5_002067,5,True,yes,0.064200,0.082887
scene_10_004601,8,False,no,0.112916,0.124484
scene_15_007162,8,False,no,0.139802,0.145835
scene_13_006464,8,True,yes,0.126187,0.144135
scene_14_006748,8,True,yes,0.053846,0.125146
scene_6_002649,8,True,yes,0.123806,0.118774
scene_18_008907,7,False,yes,0.059651,0.160858
scene_2_000792,6,False,yes,0.053116,0.102800
scene_14_006937,8,False,no,0.060905,0.099057
scene_12_005502,8,False,yes,0.063691,0.139191
scene_2_000564,8,True,yes,0.031153,0.115266
scene_11_005355,6,False,yes,0.025849,0.090968
scene_11_005062,4,True,yes,0.144147,0.119094
scene_3_001449,8,True,yes,0.067230,0.087495
scene_4_001929,8,False,no,0.058544,0.175429
scene_9_004114,5,True,yes,0.034612,0.063845
scene_5_002048,5,True,yes,0.073450,0.086907
scene_11_005230,7,False,no,0.037565,0.081761
scene_5_002369,7,False,yes,0.096594,0.120684
scene_7_003321,8,False,yes,0.059879,0.120639
scene_11_005497,6,False,yes,0.083452,0.091684
scene_2_000881,6,False,yes,0.028535,0.100380
scene_3_001310,6,True,yes,0.057882,0.084208
scene_18_008694,6,True,yes,0.154162,0.148367
scene_11_005284,5,False,yes,0.055048,0.084563
scene_4_001675,7,True,yes,0.096008,0.121230
scene_8_003819,5,True,yes,0.109092,0.070113
scene_11_005114,7,True,yes,0.094261,0.107194
scene_18_008899,6,False,yes,0.061020,0.164460
scene_5_002313,6,False,yes,0.034905,0.087158
scene_18_008906,7,True,yes,0.080333,0.149648
scene_19_009083,8,False,yes,0.062976,0.158431
scene_11_005403,4,False,no,0.049849,0.074710
scene_18_008592,8,True,yes,0.056244,0.155796
scene_5_002245,6,True,yes,0.040937,0.092920
scene_9_004296,6,False,yes,0.111204,0.128268
scene_8_003535,6,False,yes,0.060182,0.074233
scene_6_002609,8,False,no,0.075701,0.095612
scene_11_005474,5,False,no,0.066897,0.077004
scene_8_003648,5,True,yes,0.027546,0.069153
scene_8_003920,5,True,yes,0.063954,0.094188
scene_19_009380,7,False,yes,0.052547,0.134031
scene_14_006902,7,True,yes,0.084292,0.120224
scene_6_002684,8,False,yes,0.076377,0.114984
scene_10_004668,8,False,yes,0.080485,0.147600
scene_11_005041,7,False,yes,0.066523,0.132166
scene_11_005349,5,False,no,0.077219,0.108895
scene_5_002233,5,False,yes,0.077101,0.073943
scene_6_002607,6,False,yes,0.095094,0.095589
scene_20_009530,7,False,yes,0.052579,0.076140
scene_19_009301,7,False,yes,0.163650,0.185155
scene_13_006141,5,False,no,0.133941,0.135076
scene_7_003195,6,False,yes,0.103617,0.122869
scene_11_005394,5,False,yes,0.085865,0.069315
scene_3_001082,7,False,yes,0.069534,0.090649
scene_10_004508,8,False,yes,0.081016,0.179981
scene_15_007354,8,True,yes,0.058365,0.107304
scene_10_004591,7,False,yes,0.070621,0.128544
scene_10_004643,7,False,yes,0.059435,0.176058
scene_11_005486,6,True,yes,0.064414,0.078298
scene_11_005030,7,True,yes,0.086287,0.120380
scene_13_006261,8,True,yes,0.053120,0.119637
scene_7_003491,8,False,no,0.084748,0.153622
scene_7_003411,5,True,yes,0.087868,0.117218
scene_16_007767,7,True,yes,0.090320,0.130822
scene_11_005072,7,True,yes,0.043941,0.075916
scene_11_005180,5,True,yes,0.132925,0.095176
scene_5_002088,6,False,yes,0.074206,0.087419
scene_3_001431,8,True,yes,0.061268,0.120922
scene_8_003697,6,True,yes,0.072908,0.069836
scene_6_002552,8,True,yes,0.029300,0.088148
scene_10_004572,7,False,no,0.083421,0.145354
scene_7_003271,8,True,no,0.070406,0.146773
scene_8_003868,8,False,yes,0.090083,0.103350
scene_19_009323,7,False,yes,0.159157,0.182602
scene_5_002275,5,False,yes,0.070217,0.077600
scene_5_002398,6,False,no,0.098441,0.087603
scene_12_005848,8,True,yes,0.123664,0.147814
scene_16_007920,7,False,yes,0.017221,0.116973
scene_10_004780,7,True,no,0.175872,0.186451
scene_18_008896,8,False,yes,0.191258,0.163745
scene_11_005262,5,False,yes,0.081007,0.106091
scene_8_003704,5,True,yes,0.081369,0.073560
scene_10_004857,8,True,yes,0.147228,0.166119
scene_5_002124,5,True,no,0.088740,0.098828
scene_17_008304,7,True,yes,0.063632,0.121179
scene_1_000402,7,False,yes,0.139966,0.188010
scene_15_007433,8,True,yes,0.080428,0.133573
scene_18_008646,7,False,no,0.205777,0.146096
scene_18_008965,8,False,yes,0.209436,0.114136
scene_10_004854,7,False,no,0.146317,0.174682
scene_7_003198,5,False,yes,0.113908,0.142778
scene_9_004093,5,False,yes,0.110857,0.071780
scene_10_004706,6,False,no,0.060113,0.126353
scene_10_004658,8,False,yes,0.142391,0.137770
scene_12_005515,5,True,yes,0.185306,0.144766
scene_18_008561,8,True,yes,0.169524,0.154154
scene_18_008787,7,True,yes,0.087478,0.135978
scene_6_002579,6,True,yes,0.089048,0.089067
scene_3_001440,7,True,yes,0.068671,0.092923
scene_9_004229,5,False,yes,0.027046,0.059105
scene_10_004868,7,True,yes,0.179320,0.194716
scene_19_009271,8,True,yes,0.212738,0.137914
scene_5_002014,7,True,no,0.091678,0.113354
scene_16_007844,8,False,yes,0.016498,0.111407
scene_5_002433,5,False,yes,0.073550,0.081684
scene_15_007063,8,True,yes,0.112774,0.124790
scene_18_008623,7,True,yes,0.035124,0.160061
scene_4_001843,8,True,yes,0.156749,0.200899
scene_12_005731,7,False,yes,0.106376,0.186219
scene_16_007732,8,True,no,0.041017,0.122328
scene_6_002538,6,False,yes,0.044021,0.105115
scene_14_006643,8,True,yes,0.096395,0.153155
scene_10_004551,8,False,yes,0.087476,0.121698
scene_18_008902,7,False,yes,0.236901,0.167934
scene_5_002145,5,True,yes,0.106706,0.115714
scene_13_006022,7,False,yes,0.088700,0.102219
scene_10_004666,8,True,yes,0.080151,0.149986
scene_9_004295,7,False,no,0.158237,0.121618
scene_6_002637,6,False,yes,0.019845,0.084800
scene_17_008498,8,False,yes,0.232266,0.180491
scene_10_004667,8,True,yes,0.123209,0.143827
scene_3_001337,6,True,yes,0.091966,0.102632
scene_1_000356,6,False,yes,0.042297,0.169680
scene_6_002640,7,False,yes,0.106248,0.119378
scene_3_001334,8,False,no,0.027072,0.093871
scene_12_005671,6,True,yes,0.178995,0.152045
scene_5_002054,6,True,yes,0.058081,0.074445
scene_11_005347,6,True,yes,0.080497,0.095563
scene_10_004701,8,False,no,0.058998,0.179028
scene_8_003948,8,False,no,0.126537,0.088046
scene_6_002627,8,True,no,0.045121,0.096562
scene_8_003571,8,False,yes,0.044778,0.095651
scene_12_005909,7,True,yes,0.084066,0.134157
scene_5_002437,7,False,yes,0.059520,0.086171
scene_2_000928,4,True,yes,0.056146,0.095460
scene_11_005404,5,True,yes,0.039244,0.066618
scene_19_009038,7,False,yes,0.141042,0.138573
scene_9_004415,6,True,no,0.131733,0.104118
scene_19_009044,8,False,yes,0.157639,0.148975
scene_5_002448,5,False,yes,0.091400,0.099385
scene_2_000508,6,False,yes,0.087234,0.075648
scene_10_004906,7,True,yes,0.058461,0.106852
scene_5_002459,7,False,yes,0.069267,0.105514
scene_5_002260,5,False,yes,0.056391,0.078519
scene_15_007123,7,False,no,0.061966,0.133860
scene_15_007152,8,False,yes,0.162758,0.169158
scene_19_009146,6,False,no,0.043013,0.134775
scene_12_005568,7,True,yes,0.072064,0.168671
scene_11_005110,5,False,yes,0.086112,0.112265
scene_8_003728,8,True,no,0.158223,0.113357
scene_11_005499,6,False,yes,0.132722,0.093747
scene_11_005053,8,True,yes,0.135180,0.109484
scene_2_000500,6,True,yes,0.114135,0.074187
scene_8_003530,8,False,yes,0.066086,0.077887
scene_3_001177,7,False,yes,0.080525,0.110967
scene_9_004482,6,True,yes,0.119583,0.136216
scene_2_000823,6,False,yes,0.090809,0.089435
scene_18_008668,8,True,yes,0.058376,0.188273
scene_11_005412,7,True,yes,0.102808,0.128420
scene_8_003577,6,True,yes,0.137865,0.097768
scene_16_007978,6,False,no,0.028218,0.075908
scene_10_004556,7,True,yes,0.095906,0.102363
scene_8_003538,5,False,yes,0.078306,0.060379
scene_6_002833,7,True,yes,0.050287,0.098866
scene_18_008853,7,False,yes,0.230138,0.166282
scene_12_005758,7,True,yes,0.155647,0.126316
scene_18_008809,8,False,yes,0.078084,0.135889
scene_9_004001,5,False,yes,0.105609,0.080741
scene_3_001101,5,True,no,0.097345,0.123875
scene_17_008335,8,True,yes,0.193405,0.155867
scene_13_006032,7,True,yes,0.040829,0.099981
scene_1_000005,6,True,yes,0.182063,0.189376
scene_2_000548,7,True,yes,0.061470,0.125087
scene_18_008504,8,False,no,0.260022,0.165442
scene_11_005039,8,True,yes,0.098446,0.120887
scene_15_007388,8,False,no,0.065771,0.152867
scene_12_005897,6,True,no,0.051722,0.108198
scene_2_000913,7,True,yes,0.058107,0.100397
scene_2_000590,6,True,yes,0.028051,0.086996
scene_12_005892,8,True,yes,0.116212,0.134210
scene_15_007474,8,False,yes,0.097245,0.114234
scene_18_008731,7,False,yes,0.191542,0.173607
scene_7_003192,6,True,no,0.103074,0.137232
scene_11_005381,6,False,yes,0.075579,0.093771
scene_11_005074,5,True,yes,0.053911,0.074442
scene_8_003977,5,False,yes,0.039118,0.073153
scene_9_004453,5,False,yes,0.049989,0.073844
scene_19_009131,7,True,yes,0.069406,0.194558
scene_18_008782,8,True,yes,0.087174,0.149740
scene_19_009098,8,False,yes,0.015560,0.196233
scene_4_001620,7,True,no,0.086294,0.110411
scene_8_003857,7,False,yes,0.026964,0.104393
scene_5_002207,6,False,yes,0.074251,0.087807
scene_5_002161,7,False,yes,0.024580,0.083218
scene_3_001200,6,True,no,0.060412,0.081794
scene_12_005824,6,True,yes,0.074918,0.114702
scene_10_004681,8,False,yes,0.165694,0.192946
scene_2_000937,5,True,yes,0.092934,0.079014
scene_11_005215,7,True,yes,0.080169,0.097142
scene_13_006428,7,True,no,0.128090,0.181491
scene_19_009460,7,True,yes,0.189557,0.168398
scene_3_001136,6,True,yes,0.056198,0.088943
scene_11_005142,7,False,yes,0.077368,0.100589
scene_11_005371,7,False,yes,0.100110,0.129272
scene_2_000929,6,True,yes,0.114073,0.095147
scene_9_004281,4,False,no,0.153088,0.109186
scene_12_005531,5,True,yes,0.098333,0.150100
scene_5_002243,6,True,yes,0.087142,0.101982
scene_8_003552,7,False,no,0.100691,0.070164
scene_10_004982,8,False,yes,0.172133,0.181357
scene_9_004287,6,True,yes,0.081647,0.126775
scene_1_000100,6,True,yes,0.179922,0.127156
scene_19_009067,7,True,yes,0.175334,0.160981
scene_9_004201,4,False,yes,0.026140,0.053823
scene_12_005727,6,True,yes,0.049641,0.151393
scene_8_003902,6,True,no,0.148736,0.107669
scene_5_002244,6,False,yes,0.054214,0.101465
scene_10_004552,8,True,yes,0.100985,0.128837
scene_8_003518,5,True,yes,0.032292,0.078429
scene_11_005042,8,True,yes,0.131157,0.108324
scene_18_008508,8,False,yes,0.111513,0.175715
scene_18_008602,8,True,yes,0.173565,0.152100
scene_5_002209,5,True,yes,0.113895,0.116930
scene_5_002488,6,True,yes,0.141734,0.116936
scene_5_002070,5,True,yes,0.060964,0.080365
scene_11_005158,6,False,yes,0.069448,0.134073
scene_2_000767,7,True,yes,0.039844,0.098045
scene_11_005170,7,True,yes,0.078773,0.085323
scene_5_002430,5,False,yes,0.045515,0.065446
scene_11_005358,5,False,yes,0.051826,0.104551
scene_18_008636,7,False,yes,0.046109,0.136787
scene_12_005615,8,False,yes,0.061502,0.150468
scene_19_009016,7,True,yes,0.149550,0.149118
scene_3_001171,8,True,yes,0.067785,0.112266
scene_3_001452,8,False,yes,0.037344,0.093368
scene_19_009275,8,False,yes,0.159072,0.136715
scene_1_000257,7,True,yes,0.053589,0.119159
scene_3_001168,7,False,yes,0.057312,0.090941
scene_12_005658,8,False,no,0.043907,0.118655
scene_11_005294,6,False,no,0.070360,0.083531
scene_8_003822,8,False,yes,0.040302,0.081646
scene_5_002137,6,True,yes,0.025362,0.073531
scene_18_008627,8,False,yes,0.051223,0.138970
scene_19_009258,8,False,yes,0.078965,0.147420
scene_6_002985,5,False,yes,0.058542,0.091339
scene_12_005837,6,False,yes,0.129664,0.103902
scene_6_002635,8,True,yes,0.080445,0.102985
scene_7_003413,8,False,yes,0.119580,0.179678
scene_18_008766,8,False,no,0.051302,0.144722
scene_19_009245,7,False,yes,0.195661,0.163660
scene_3_001286,8,False,yes,0.042249,0.087685
scene_2_000830,8,True,yes,0.052246,0.086505
scene_18_008554,7,False,yes,0.035798,0.140922
scene_5_002059,4,False,yes,0.076310,0.064958
scene_10_004955,7,False,yes,0.059968,0.168467
scene_6_002951,7,False,yes,0.063901,0.104997
scene_14_006983,7,False,yes,0.134691,0.145123
scene_18_008699,8,False,yes,0.084847,0.142860
scene_5_002496,8,True,yes,0.063400,0.147686
scene_3_001283,6,False,no,0.058528,0.077153
scene_12_005609,8,True,yes,0.212485,0.162987
scene_18_008773,6,False,yes,0.058195,0.158586
scene_17_008004,8,False,no,0.060852,0.153373
scene_12_005575,8,True,yes,0.208152,0.158342
scene_11_005395,5,True,yes,0.061764,0.066259
scene_18_008540,7,False,yes,0.185886,0.159027
scene_3_001030,6,True,yes,0.054021,0.081003
scene_8_003966,7,True,yes,0.026451,0.085649
scene_14_006618,7,True,yes,0.057113,0.098236
scene_16_007656,8,True,yes,0.039906,0.115549
scene_6_002810,7,True,yes,0.015472,0.107036
scene_8_003763,7,False,yes,0.088727,0.088848
scene_13_006453,8,False,yes,0.116604,0.149294
scene_5_002262,6,False,yes,0.049510,0.080385
scene_11_005484,5,True,yes,0.076758,0.083055
scene_18_008527,8,True,no,0.107357,0.157400
scene_8_003654,8,False,yes,0.071168,0.065037
scene_11_005275,6,True,yes,0.130629,0.102223
scene_15_007426,8,False,yes,0.110010,0.136168
scene_10_004840,7,True,yes,0.128363,0.153622
scene_1_000045,8,True,yes,0.141255,0.128097
scene_18_008713,8,True,no,0.071410,0.132241
scene_5_002352,7,False,yes,0.087858,0.110552
scene_15_007002,6,True,yes,0.073319,0.138743
scene_18_008655,7,False,yes,0.066002,0.135141
scene_6_002745,8,True,yes,0.063565,0.118540
scene_11_005424,7,True,yes,0.106838,0.139987
scene_16_007747,8,True,yes,0.058840,0.097335
scene_19_009379,8,True,yes,0.122742,0.139331
scene_5_002362,8,False,yes,0.050790,0.097831
scene_6_002964,7,False,yes,0.062836,0.082788
scene_19_009333,7,True,yes,0.055626,0.108409
scene_1_000428,8,True,yes,0.110839,0.138333
scene_12_005877,7,False,yes,0.089823,0.158862
scene_2_000924,5,True,yes,0.105591,0.090299
scene_14_006635,8,True,yes,0.123300,0.134416
scene_12_005934,8,False,yes,0.080090,0.165794
scene_11_005184,8,True,yes,0.129538,0.117918
scene_3_001189,7,True,yes,0.053126,0.083256
scene_7_003168,8,True,yes,0.071406,0.145001
scene_19_009391,6,True,yes,0.069759,0.135501
scene_14_006930,8,True,yes,0.091965,0.123192
scene_5_002486,6,True,yes,0.149619,0.122092
scene_17_008358,8,False,yes,0.028438,0.130864
scene_5_002198,6,False,yes,0.073275,0.089420
scene_19_009207,6,False,yes,0.164885,0.177548
scene_17_008214,7,False,yes,0.194153,0.151634
scene_19_009196,8,True,yes,0.054400,0.169912
scene_18_008962,7,False,yes,0.138115,0.126832
scene_7_003103,8,True,yes,0.130478,0.137949
scene_4_001761,7,False,yes,0.044447,0.072031
scene_9_004391,6,False,no,0.142658,0.093519
scene_10_004946,8,True,yes,0.156017,0.157317
scene_3_001072,8,False,yes,0.065110,0.083878
scene_3_001445,7,False,no,0.035106,0.095727
scene_2_000940,5,False,yes,0.101885,0.074499
scene_11_005362,6,False,no,0.099349,0.113537
scene_10_004992,8,True,yes,0.133575,0.151759
scene_15_007390,8,True,no,0.091329,0.149667
scene_10_004563,7,False,no,0.084523,0.138612
scene_11_005105,8,True,yes,0.103452,0.093469
scene_19_009099,8,False,no,0.008819,0.194349
scene_3_001422,8,False,yes,0.029075,0.082287
scene_6_002535,7,True,yes,0.053158,0.081337
scene_10_004969,7,True,yes,0.122844,0.152722
scene_14_006828,8,True,yes,0.114445,0.120303
scene_7_003035,8,True,yes,0.131145,0.168916
scene_11_005383,8,True,yes,0.080665,0.090721
scene_14_006557,8,False,yes,0.115571,0.115738
scene_13_006398,8,False,yes,0.064231,0.119774
scene_5_002141,7,True,yes,0.081183,0.089770
scene_18_008997,7,True,yes,0.191017,0.132870
scene_6_002753,6,True,yes,0.054882,0.103024
scene_17_008137,8,False,no,0.158034,0.127002
scene_8_003566,7,True,no,0.052384,0.084966
scene_6_002981,7,False,yes,0.026193,0.100709
scene_12_005636,8,True,yes,0.071224,0.133594
scene_18_008942,8,True,yes,0.092889,0.174475
scene_9_004230,4,False,yes,0.085106,0.056825
scene_19_009045,6,True,yes,0.052260,0.145756
scene_3_001149,6,True,yes,0.063270,0.084617
scene_18_008667,8,False,yes,0.044203,0.190863
scene_3_001055,8,False,yes,0.078785,0.124263
scene_3_001163,8,False,yes,0.068452,0.099540
scene_1_000206,8,False,no,0.217716,0.164912
scene_19_009221,7,True,yes,0.136299,0.160808
scene_15_007116,7,False,yes,0.055340,0.145170
scene_6_002889,7,False,yes,0.073290,0.124741
scene_13_006004,8,True,no,0.091630,0.134768
scene_14_006787,8,True,no,0.102817,0.124548
scene_2_000518,5,True,yes,0.059287,0.083056
scene_9_004342,6,False,yes,0.088268,0.096114
scene_17_008348,8,False,yes,0.055808,0.126443
scene_6_002854,7,True,yes,0.035519,0.139085
scene_7_003069,8,False,no,0.042096,0.158062
scene_5_002063,5,False,yes,0.064964,0.076824
scene_11_005254,5,True,yes,0.033197,0.096663
scene_12_005660,8,False,yes,0.131974,0.121292
scene_11_005132,5,False,yes,0.050216,0.094735
scene_16_007824,8,True,yes,0.105528,0.121908
scene_18_008512,7,True,yes,0.110310,0.147626
scene_8_003963,5,True,yes,0.034473,0.081316
scene_6_002592,7,True,yes,0.044095,0.108551
scene_16_007808,8,False,no,0.115951,0.147509
scene_18_008632,8,False,yes,0.050903,0.134925
scene_11_005065,5,True,yes,0.037660,0.102769
scene_14_006985,8,False,no,0.143486,0.148765
scene_12_005769,6,True,yes,0.136758,0.126923
scene_18_008582,7,True,yes,0.115476,0.193268
scene_5_002355,6,True,yes,0.071578,0.102635
scene_12_005930,7,False,yes,0.079373,0.145366
scene_11_005391,7,True,yes,0.049166,0.098232
scene_5_002105,6,True,yes,0.020526,0.070183
scene_5_002084,5,False,yes,0.049166,0.073697
scene_12_005825,6,False,yes,0.161789,0.116975
scene_3_001160,7,True,no,0.059280,0.094312
scene_11_005482,5,False,yes,0.071527,0.086910
scene_3_001312,8,False,yes,0.057434,0.118655
scene_19_009018,6,True,yes,0.142128,0.129872
scene_18_008630,8,False,no,0.155868,0.132829
scene_6_002997,5,True,yes,0.049602,0.075225
scene_3_001035,7,True,no,0.062432,0.084826
scene_6_002993,5,False,yes,0.078660,0.091343
scene_8_003917,8,True,no,0.037686,0.076570
scene_10_004619,8,False,no,0.122143,0.139673
scene_19_009429,6,False,yes,0.125955,0.119552
scene_2_000506,6,False,yes,0.113957,0.113377
scene_11_005489,5,True,yes,0.043870,0.096071
scene_9_004118,7,True,yes,0.037734,0.054257
scene_14_006911,8,False,yes,0.093218,0.147381
scene_1_000001,6,False,yes,0.079431,0.191503
scene_12_005793,8,False,yes,0.064667,0.165695
scene_12_005865,8,False,yes,0.120766,0.110818
scene_5_002320,6,False,yes,0.094804,0.112398
scene_10_004693,8,False,no,0.167728,0.193617
scene_17_008391,8,False,no,0.038043,0.181421
scene_19_009282,8,False,no,0.095017,0.120429
scene_18_008790,7,True,yes,0.039763,0.138386
scene_16_007945,6,True,yes,0.046487,0.082548
scene_20_009960,8,False,yes,0.079459,0.110129
scene_8_003816,5,False,yes,0.040916,0.076954
scene_15_007352,6,False,no,0.067468,0.127982
scene_4_001626,7,False,yes,0.160345,0.171827
scene_12_005602,8,False,no,0.075460,0.135851
scene_5_002440,7,False,yes,0.060947,0.081034
scene_12_005557,7,False,yes,0.156012,0.129255
scene_18_008532,6,False,yes,0.087072,0.160358
scene_1_000052,8,True,yes,0.052195,0.167822
scene_18_008882,7,True,yes,0.086234,0.186640
scene_5_002278,5,False,yes,0.052695,0.077496
scene_11_005120,6,True,yes,0.041753,0.093651
scene_19_009008,6,True,yes,0.053421,0.175904
scene_20_009922,8,True,yes,0.047293,0.111544
scene_19_009153,6,False,yes,0.041804,0.147161
scene_16_007551,6,False,no,0.111240,0.120013
scene_18_008816,7,True,yes,0.059440,0.146726
scene_19_009039,6,False,yes,0.147464,0.136509
scene_5_002023,5,False,yes,0.066460,0.069571
scene_17_008364,8,True,yes,0.109888,0.153730
scene_1_000291,7,False,no,0.083602,0.179974
scene_12_005998,7,False,yes,0.063572,0.146076
scene_7_003190,7,True,no,0.073273,0.148781
scene_12_005778,7,False,yes,0.158461,0.138062
scene_11_005364,7,True,no,0.067153,0.111756
scene_17_008355,8,True,yes,0.082764,0.144223
scene_10_004764,7,False,yes,0.117987,0.143898
scene_10_004805,7,False,yes,0.041657,0.137610
scene_3_001090,8,False,no,0.089038,0.104314
scene_14_006892,8,False,yes,0.048892,0.136240
scene_19_009161,7,False,yes,0.107150,0.135780
scene_17_008197,8,True,no,0.188907,0.148905
scene_19_009178,6,True,yes,0.032097,0.158640
scene_15_007355,7,False,yes,0.091314,0.110626
scene_5_002246,6,True,yes,0.102259,0.111363
scene_4_001842,8,False,yes,0.181949,0.208028
scene_2_000914,4,False,no,0.060549,0.093903
scene_3_001343,8,False,yes,0.085026,0.105206
scene_12_005509,6,True,yes,0.081199,0.131890
scene_12_005611,6,True,no,0.079937,0.161690
scene_5_002185,7,False,yes,0.057975,0.117176
scene_18_008676,8,False,yes,0.061535,0.150496
scene_18_008980,7,False,yes,0.210062,0.177186
scene_10_004910,7,True,no,0.078416,0.107143
scene_14_006692,8,False,yes,0.118236,0.165433
scene_11_005081,6,True,yes,0.098243,0.076605
scene_14_006698,8,False,yes,0.114658,0.142596
scene_7_003440,8,True,yes,0.069760,0.145568
scene_12_005854,7,False,yes,0.156163,0.131001
scene_19_009294,8,True,yes,0.162633,0.143714
scene_7_003060,8,True,yes,0.071329,0.125215
scene_19_009470,7,False,yes,0.167677,0.139367
scene_7_003445,6,True,no,0.101434,0.134169
scene_5_002212,6,True,yes,0.040957,0.071786
scene_11_005298,4,True,no,0.051152,0.076075
scene_16_007585,8,False,yes,0.039823,0.134747
scene_10_004886,7,False,yes,0.102022,0.122542
scene_12_005542,7,False,yes,0.116264,0.123806
scene_16_007797,8,False,no,0.053360,0.130100
scene_6_002735,7,False,yes,0.112856,0.084146
scene_8_003975,7,False,yes,0.089305,0.078802
scene_18_008617,7,True,yes,0.230270,0.148228
scene_13_006314,8,True,no,0.080952,0.134223
scene_6_002722,6,True,yes,0.027488,0.088170
scene_3_001109,6,False,yes,0.060217,0.121506
scene_7_003471,8,True,yes,0.094685,0.125189
scene_10_004926,8,True,yes,0.132416,0.136713
scene_8_003976,8,True,yes,0.042368,0.073527
scene_19_009360,8,True,yes,0.170266,0.126968
scene_6_002883,5,False,yes,0.076882,0.066197
scene_3_001008,7,False,yes,0.070031,0.123647
scene_9_004122,4,True,yes,0.075587,0.055852
scene_17_008267,8,False,no,0.225369,0.180559
scene_6_002814,6,False,yes,0.125360,0.117605
scene_13_006085,8,True,yes,0.078293,0.128712
scene_17_008313,8,True,yes,0.185515,0.132578
scene_16_007536,7,False,yes,0.106951,0.128382
scene_7_003493,8,True,yes,0.129632,0.142989
scene_10_004744,8,False,no,0.120128,0.136809
scene_11_005334,6,True,yes,0.082677,0.065188
scene_5_002336,6,False,yes,0.060548,0.098855
scene_19_009489,8,True,no,0.200939,0.181962
scene_18_008658,7,True,yes,0.066800,0.191749
scene_12_005830,8,True,yes,0.062554,0.115948
scene_5_002395,6,False,yes,0.065413,0.086868
scene_19_009179,7,False,yes,0.165073,0.162536
scene_15_007004,6,False,yes,0.113021,0.137441
scene_3_001165,8,False,yes,0.059774,0.095018
scene_16_007682,8,True,yes,0.035660,0.085248
scene_17_008220,8,True,yes,0.050299,0.163744
scene_19_009268,6,True,yes,0.196244,0.172424
scene_7_003465,6,False,yes,0.107841,0.129702
scene_16_007991,6,True,yes,0.054828,0.085451
scene_6_002680,8,True,yes,0.118622,0.110114
scene_10_004564,6,True,yes,0.075904,0.147365
scene_10_004671,7,False,no,0.083276,0.152425
scene_5_002332,7,True,yes,0.018457,0.107828
scene_10_004638,8,False,yes,0.082098,0.124007
scene_15_007458,8,True,yes,0.044427,0.166072
scene_11_005271,8,True,yes,0.117027,0.121802
scene_19_009152,8,True,yes,0.116644,0.135002
scene_19_009104,8,False,yes,0.046942,0.115825
scene_3_001470,8,False,no,0.099848,0.133006
scene_19_009320,8,True,yes,0.211084,0.186888
scene_3_001282,7,False,no,0.034051,0.082417
scene_8_003701,8,True,yes,0.058011,0.070786
scene_6_002882,7,False,yes,0.019578,0.070909
scene_16_007860,6,True,yes,0.095597,0.129307
scene_2_000897,7,True,yes,0.163447,0.158898
scene_3_001161,8,True,yes,0.043491,0.096733
scene_18_008510,8,True,yes,0.055636,0.160830
scene_6_002551,7,True,yes,0.049935,0.080023
scene_14_006563,5,False,yes,0.055649,0.119724
scene_10_004617,8,False,yes,0.066045,0.143085
scene_15_007158,7,False,yes,0.128058,0.164189
scene_15_007384,8,True,yes,0.079283,0.150936
scene_8_003735,8,False,yes,0.035029,0.123080
scene_12_005996,7,True,yes,0.157190,0.124901
scene_3_001228,8,True,yes,0.074506,0.142217
scene_10_004723,8,False,yes,0.154725,0.200043
scene_5_002083,5,False,yes,0.050749,0.051771
scene_12_005846,7,False,yes,0.068079,0.120234
scene_11_005300,5,False,no,0.059404,0.078303
scene_18_008666,7,False,yes,0.266732,0.221564
scene_2_000882,8,True,yes,0.022255,0.096862
scene_7_003444,7,False,yes,0.067964,0.121738
scene_14_006981,7,True,no,0.123906,0.132576
scene_9_004457,6,True,yes,0.089147,0.063442
scene_10_004593,8,True,yes,0.100536,0.123026
scene_3_001444,7,False,yes,0.054362,0.079652
scene_10_004755,7,True,yes,0.071326,0.177203
scene_3_001373,7,False,yes,0.115787,0.139969
scene_19_009437,7,True,yes,0.046613,0.101342
scene_9_004307,5,False,no,0.058981,0.092864
scene_18_008897,7,True,yes,0.061149,0.163894
scene_6_002757,7,False,yes,0.083392,0.090515
scene_5_002267,6,True,yes,0.038536,0.067106
scene_19_009191,7,False,no,0.031800,0.147049
scene_9_004394,6,False,yes,0.082750,0.113790
scene_19_009375,7,False,yes,0.060745,0.153065
scene_17_008449,8,True,yes,0.039985,0.179023
scene_5_002311,5,True,yes,0.062498,0.091399
scene_18_008878,6,False,yes,0.070843,0.167157
scene_1_000157,8,False,yes,0.156231,0.173441
scene_8_003557,7,False,yes,0.067545,0.086699
scene_14_006792,8,False,no,0.089947,0.110560
scene_11_005237,5,True,yes,0.082137,0.119804
scene_6_002819,8,True,yes,0.057724,0.096517
scene_11_005058,5,True,yes,0.079588,0.101106
scene_19_009381,6,True,yes,0.146137,0.152186
scene_18_008500,8,True,yes,0.120428,0.170685
scene_16_007724,8,True,yes,0.059664,0.072121
scene_18_008601,6,False,yes,0.162079,0.179820
scene_6_002573,6,False,yes,0.066051,0.079050
scene_13_006146,8,False,yes,0.139203,0.135564
scene_2_000605,5,False,yes,0.047174,0.114432
scene_14_006946,8,False,yes,0.124042,0.164799
scene_12_005596,6,False,yes,0.084229,0.152232
scene_6_002949,6,True,yes,0.023615,0.086498
scene_6_002811,7,True,yes,0.063006,0.105102
scene_3_001416,7,False,yes,0.073814,0.088478
scene_2_000692,8,True,yes,0.123956,0.133938
scene_2_000712,7,True,yes,0.151798,0.143142
scene_11_005063,6,False,yes,0.072961,0.086363
scene_14_006812,6,False,yes,0.103344,0.108590
scene_3_001322,7,True,yes,0.118145,0.139612
scene_12_005907,8,False,yes,0.139810,0.140583
scene_18_008714,7,False,yes,0.066273,0.135209
scene_17_008126,8,True,no,0.059242,0.161760
scene_3_001486,8,True,yes,0.110643,0.109179
scene_18_008695,7,True,yes,0.068347,0.151346
scene_5_002189,7,True,yes,0.126341,0.111901
scene_6_002840,6,True,yes,0.087289,0.094492
scene_7_003041,8,False,yes,0.122629,0.113605
scene_8_003536,6,False,yes,0.036501,0.058941
scene_18_008715,7,True,yes,0.142826,0.128174
scene_2_000587,4,True,yes,0.062132,0.092269
scene_4_001894,8,True,yes,0.144501,0.164463
scene_15_007482,7,True,yes,0.133273,0.109460
